Model,Accuracy
Decision Tree,0.966804979253112
Random Forest,0.995850622406639
