Model,Accuracy
Decision Tree,0.941908713692946
Random Forest,0.983402489626556
