Model,Accuracy
Decision Tree,0.9543568464730291
Random Forest,0.995850622406639
